<?xml version="1.0" encoding="ISO-8859-1"?>
<project name="freehep-record">
    <bannerLeft>
        <name>${project.name}</name>
        <href>./</href>
    </bannerLeft>
    
    <body>
    
        <menu name="General">
            <item name="Introduction" href="index.html"/>
        </menu>
                
        <menu name="User Info">
            <item name="Summary" href="project-summary.html"/>
            <item name="API Doc" href="apidocs/index.html"/>
            <item name="Dependencies" href="dependencies.html"/>
        </menu>
        
        <menu name="Developer Info">
            <item name="Source Code" href="source-repository.html"/>
        </menu>       
    </body>
</project>
