<?xml version="1.0"?>
<!--
   Licensed to the Apache Software Foundation (ASF) under one or more
   contributor license agreements.  See the NOTICE file distributed with
   this work for additional information regarding copyright ownership.
   The ASF licenses this file to You under the Apache License, Version 2.0
   (the "License"); you may not use this file except in compliance with
   the License.  You may obtain a copy of the License at

       http://www.apache.org/licenses/LICENSE-2.0

   Unless required by applicable law or agreed to in writing, software
   distributed under the License is distributed on an "AS IS" BASIS,
   WITHOUT WARRANTIES OR CONDITIONS OF ANY KIND, either express or implied.
   See the License for the specific language governing permissions and
   limitations under the License.
-->

<document>

 <properties>
  <title>Commons</title>
  <author email="dev@commons.apache.org">Commons Documentation Team</author>
 </properties>

 <body>

<section name="Commons Imaging: a Pure-Java Image Library">

    <p>
      Apache Commons Imaging, previously known as Apache Commons Sanselan, is a library that
      reads and writes a variety of image formats, including fast parsing
      of image info (size, color space, ICC profile, etc.) and metadata.
    </p>
    <p>
      This library is pure Java. Compared to typical image I/O libraries in native code,
      it's more portable, and should be more reliable and more secure against corrupt/malicious
      images, yet still performs reasonably well.
      It's easier to use than ImageIO/JAI/java.awt.Toolkit (Sun/Java's image support), supports
      more formats (and supports them more correctly). It also provides easy access to metadata.
    </p>
    <p>
      Imaging was working and was used by a number of projects in production even before version 1.0.
    </p>
    <p>
      This project is Open Source; free as in freedom and free as in beer.
      It is available under the ASF (Apache) License. This is a non-viral Open Source license.
    </p>
    <p>
      <ul>
        <li><a href="whyimaging.html">Why Use Commons Imaging?</a></li>
        <li><a href="gettingstarted.html">Getting Started</a></li>
      </ul>
    </p>

</section>
 <!-- ================================================== -->
 <section name="Documentation">
     <p>
         A getting started <a href="gettingstarted.html">guide</a> is available
         together with various <a href="project-reports.html">project reports</a>.
     </p>
     <p>
         The JavaDoc API documents are available online:
     </p>
     <ul>
         <li>The <a href="apidocs/index.html">latest API docs</a></li>
         <li>Older releases - see the <a href="history.html">Release History</a> page</li>
     </ul>
     <p>
         The <a href="source-repository.html">subversion repository</a> can be
         <a href="http://svn.apache.org/viewvc/commons/proper/imaging/trunk/">browsed</a>, or you can browse/contribute via <a href="https://github.com/apache/commons-imaging">GitHub</a>.
     </p>
 </section>
 <!-- ================================================== -->
 <section name="Release Information">
     <subsection name="Help Needed!">
       There is currently no stable release of Imaging available, because there are a lot of outstanding issues.
       If you want to help getting out a release you may:
       <ul>
         <li>Look through the <a href="https://issues.apache.org/jira/issues/?jql=project%20%3D%20IMAGING%20AND%20resolution%20%3D%20Unresolved%20AND%20fixVersion%20%3D%20%22Patch%20Needed%22%20ORDER%20BY%20priority%20DESC">issues waiting for a patch</a></li>
         <li>Look through the <em>Needs Work</em> tags in the <a href="taglist.html">TagList report</a></li>
         <li>Contribute a patch</li>
         <li>Create a PR via <a href="https://github.com/apache/commons-imaging">Github</a></li>
       </ul>
       Make sure to read through our <a href="http://commons.apache.org/patches.html">guide lines for contributing patches</a> before you start coding. This will stream line the process of getting your contributions into the code.
     </subsection>
     <subsection name="Latest Imaging SNAPSHOT">
         <p>There is currently no stable release of Imaging. You may: </p>
         <ul>
             <li>Build Imaging from sources by checking out the source code from the <a href="source-repository.html">SVN repository</a>.</li>
             <li>Pull the latest snapshot from the Apache snapshot repository</li>
             <!--<li>Download <a href="download_imaging.cgi">1.0</a></li>-->
         </ul>

       <p>
         For pulling the latest snapshot via maven you need to add the Apache snapshot repository to your pom.xml:
         <pre>
&lt;repository&gt;
  &lt;id&gt;apache.snapshots&lt;/id&gt;
  &lt;name&gt;Apache Development Snapshot Repository&lt;/name&gt;
  &lt;url&gt;https://repository.apache.org/content/repositories/snapshots/&lt;/url&gt;
  &lt;releases&gt;
    &lt;enabled&gt;false&lt;/enabled&gt;
  &lt;/releases&gt;
  &lt;snapshots&gt;
    &lt;enabled&gt;true&lt;/enabled&gt;
  &lt;/snapshots&gt;
&lt;/repository&gt;                      
         </pre>
         Then you can use the SNAPSHOT version of Commons Imaging in your pom.xml:
         <pre>
&lt;dependency&gt;
  &lt;groupId&gt;org.apache.commons&lt;/groupId&gt;
  &lt;artifactId&gt;commons-imaging&lt;/artifactId&gt;
  &lt;version&gt;1.0-SNAPSHOT&lt;/version&gt;
&lt;/dependency&gt;
         </pre>
       </p>
     </subsection>
     <subsection name="Final Sanselan Release">
         <p>The last stable release of Sanselan, before it was renamed to Imaging, was 0.97 You may: </p>
         <ul>
             <li>Download <a href="download_sanselan.cgi">0.97</a></li>
         </ul>

         <p>
             Alternatively you can pull it from the central Maven repositories:
             <pre>
&lt;dependency&gt;
  &lt;groupId&gt;org.apache.sanselan&lt;/groupId&gt;
  &lt;artifactId&gt;sanselan&lt;/artifactId&gt;
  &lt;version&gt;0.97-incubator&lt;/version&gt;
&lt;/dependency&gt;
             </pre>
         </p>
     </subsection>

     <p>
         For information on previous releases see the <a href="release-history.html">Release History</a>, and to download previous releases see the <a href="http://archive.apache.org/dist/commons/sanselan/">Commons Sanselan Archive</a>.
     </p>
 </section>
 <!-- ================================================== -->
 <section name="Support">
     <p>
         The <a href="mail-lists.html">commons mailing lists</a> act as the main support forum.
         The user list is suitable for most library usage queries.
         The dev list is intended for the development discussion.
         Please remember that the lists are shared between all commons components,
         so prefix your email by [imaging].
     </p>
     <p>
         Bug reports and enhancements are also welcomed via the <a href="issue-tracking.html">JIRA</a> issue tracker.
         Please read the instructions carefully.
     </p>
 </section>
 <!-- ================================================== -->

</body>
</document>
